{
    "meta": {
        "request_ts": 1769572205176,
        "found_ts": 1769385195543,
        "staleness_sec": 187009.63,
        "is_stale": true,
        "next_update_ts": null,
        "gap_sec": null
    },
    "bids": [
        [
            0.3400000035762787,
            52316.078125
        ],
        [
            0.33000001311302185,
            168564.078125
        ],
        [
            0.3199999928474426,
            45956.9609375
        ],
        [
            0.3100000023841858,
            28445.73046875
        ],
        [
            0.30000001192092896,
            5219.39990234375
        ],
        [
            0.28999999165534973,
            555.0
        ],
        [
            0.2800000011920929,
            55.0
        ],
        [
            0.27000001072883606,
            846.0399780273438
        ],
        [
            0.25999999046325684,
            60.0
        ],
        [
            0.25,
            15.0
        ],
        [
            0.23999999463558197,
            10.0
        ],
        [
            0.2199999988079071,
            50.0
        ],
        [
            0.20999999344348907,
            50.0
        ],
        [
            0.20000000298023224,
            35.0
        ],
        [
            0.1899999976158142,
            5.0
        ],
        [
            0.18000000715255737,
            200.0
        ],
        [
            0.17000000178813934,
            200.0
        ],
        [
            0.1599999964237213,
            222.0
        ],
        [
            0.14000000059604645,
            142.85000610351562
        ],
        [
            0.11999999731779099,
            200.0
        ],
        [
            0.10999999940395355,
            3461.360107421875
        ],
        [
            0.10000000149011612,
            5515.0
        ],
        [
            0.09000000357627869,
            671.1099853515625
        ],
        [
            0.07000000029802322,
            557.1400146484375
        ],
        [
            0.05999999865889549,
            1000.0
        ],
        [
            0.05000000074505806,
            680.0
        ],
        [
            0.03999999910593033,
            300.0
        ],
        [
            0.029999999329447746,
            2400.0
        ],
        [
            0.019999999552965164,
            1750.0
        ],
        [
            0.009999999776482582,
            36851.16015625
        ]
    ],
    "asks": [
        [
            0.3499999940395355,
            87470.75
        ],
        [
            0.36000001430511475,
            66904.7265625
        ],
        [
            0.3700000047683716,
            29666.30078125
        ],
        [
            0.3799999952316284,
            6292.919921875
        ],
        [
            0.38999998569488525,
            11255.0
        ],
        [
            0.4000000059604645,
            840.3300170898438
        ],
        [
            0.4099999964237213,
            646.739990234375
        ],
        [
            0.41999998688697815,
            1550.0
        ],
        [
            0.4300000071525574,
            22.799999237060547
        ],
        [
            0.4399999976158142,
            3327.0
        ],
        [
            0.44999998807907104,
            5701.81005859375
        ],
        [
            0.46000000834465027,
            500.0
        ],
        [
            0.4699999988079071,
            1186.6600341796875
        ],
        [
            0.47999998927116394,
            10.0
        ],
        [
            0.49000000953674316,
            130.0
        ],
        [
            0.5,
            77.12999725341797
        ],
        [
            0.550000011920929,
            107.13999938964844
        ],
        [
            0.5699999928474426,
            125.0
        ],
        [
            0.6000000238418579,
            404.760009765625
        ],
        [
            0.6499999761581421,
            5.260000228881836
        ],
        [
            0.6600000262260437,
            625.0
        ],
        [
            0.6800000071525574,
            8988.0
        ],
        [
            0.6899999976158142,
            6000.0
        ],
        [
            0.7300000190734863,
            74.06999969482422
        ],
        [
            0.7400000095367432,
            6200.0
        ],
        [
            0.75,
            3100.0
        ],
        [
            0.7699999809265137,
            104.33999633789062
        ],
        [
            0.7799999713897705,
            13.149999618530273
        ],
        [
            0.7900000214576721,
            2003.1400146484375
        ],
        [
            0.800000011920929,
            380.0
        ],
        [
            0.8199999928474426,
            3400.0
        ],
        [
            0.8299999833106995,
            164.6999969482422
        ],
        [
            0.8399999737739563,
            1250.0
        ],
        [
            0.8500000238418579,
            50550.0
        ],
        [
            0.8700000047683716,
            246.14999389648438
        ],
        [
            0.8999999761581421,
            101140.0
        ],
        [
            0.9100000262260437,
            200500.0
        ],
        [
            0.9200000166893005,
            6.940000057220459
        ],
        [
            0.9300000071525574,
            1291.280029296875
        ],
        [
            0.9399999976158142,
            90000.0
        ],
        [
            0.9599999785423279,
            305.04998779296875
        ],
        [
            0.9700000286102295,
            301200.0
        ],
        [
            0.9800000190734863,
            1505.3599853515625
        ],
        [
            0.9900000095367432,
            3008197.75
        ]
    ]
}