{
    "meta": {
        "request_ts": 1769872555379,
        "found_ts": 1769872332971,
        "staleness_sec": 222.41,
        "is_stale": false,
        "next_update_ts": null,
        "gap_sec": null
    },
    "bids": [
        [
            0.33000001311302185,
            118318.46875
        ],
        [
            0.3199999928474426,
            106418.5625
        ],
        [
            0.3100000023841858,
            14285.490234375
        ],
        [
            0.30000001192092896,
            252.66000366210938
        ],
        [
            0.2800000011920929,
            55.0
        ],
        [
            0.27000001072883606,
            805.2999877929688
        ],
        [
            0.25999999046325684,
            24.229999542236328
        ],
        [
            0.25,
            49.060001373291016
        ],
        [
            0.23999999463558197,
            10.0
        ],
        [
            0.23000000417232513,
            647.4500122070312
        ],
        [
            0.2199999988079071,
            50.0
        ],
        [
            0.20999999344348907,
            50.0
        ],
        [
            0.20000000298023224,
            35.0
        ],
        [
            0.1899999976158142,
            5.0
        ],
        [
            0.18000000715255737,
            200.0
        ],
        [
            0.17000000178813934,
            200.0
        ],
        [
            0.1599999964237213,
            222.0
        ],
        [
            0.15000000596046448,
            6.0
        ],
        [
            0.12999999523162842,
            12.0
        ],
        [
            0.10999999940395355,
            3225.0
        ],
        [
            0.10000000149011612,
            5865.0
        ],
        [
            0.09000000357627869,
            360.0
        ],
        [
            0.07999999821186066,
            10.0
        ],
        [
            0.07000000029802322,
            100.0
        ],
        [
            0.05999999865889549,
            1000.0
        ],
        [
            0.03999999910593033,
            300.0
        ],
        [
            0.029999999329447746,
            2012.0
        ],
        [
            0.019999999552965164,
            9755.0
        ],
        [
            0.009999999776482582,
            44590.16015625
        ]
    ],
    "asks": [
        [
            0.3400000035762787,
            668.5800170898438
        ],
        [
            0.3499999940395355,
            114153.0234375
        ],
        [
            0.36000001430511475,
            97843.84375
        ],
        [
            0.3700000047683716,
            28409.990234375
        ],
        [
            0.3799999952316284,
            11007.830078125
        ],
        [
            0.38999998569488525,
            12345.2802734375
        ],
        [
            0.4000000059604645,
            878.6599731445312
        ],
        [
            0.4099999964237213,
            608.0999755859375
        ],
        [
            0.41999998688697815,
            1050.0
        ],
        [
            0.4300000071525574,
            12.279999732971191
        ],
        [
            0.4399999976158142,
            3339.0
        ],
        [
            0.44999998807907104,
            6802.81005859375
        ],
        [
            0.46000000834465027,
            500.0
        ],
        [
            0.4699999988079071,
            1196.6600341796875
        ],
        [
            0.47999998927116394,
            40.0
        ],
        [
            0.5,
            131.4199981689453
        ],
        [
            0.5400000214576721,
            12.0
        ],
        [
            0.550000011920929,
            107.13999938964844
        ],
        [
            0.5699999928474426,
            125.0
        ],
        [
            0.6000000238418579,
            404.760009765625
        ],
        [
            0.6399999856948853,
            12.0
        ],
        [
            0.6499999761581421,
            5.260000228881836
        ],
        [
            0.6600000262260437,
            680.0
        ],
        [
            0.6700000166893005,
            4108.0
        ],
        [
            0.6800000071525574,
            8988.0
        ],
        [
            0.7300000190734863,
            1259.1400146484375
        ],
        [
            0.7400000095367432,
            3087.0
        ],
        [
            0.75,
            3000.0
        ],
        [
            0.7699999809265137,
            3541.68994140625
        ],
        [
            0.7799999713897705,
            6313.14990234375
        ],
        [
            0.7900000214576721,
            1243.1600341796875
        ],
        [
            0.800000011920929,
            510.0
        ],
        [
            0.8299999833106995,
            1419.4100341796875
        ],
        [
            0.8399999737739563,
            12.0
        ],
        [
            0.8500000238418579,
            3000.0
        ],
        [
            0.8700000047683716,
            492.29998779296875
        ],
        [
            0.8899999856948853,
            6380.0
        ],
        [
            0.8999999761581421,
            101680.0
        ],
        [
            0.9100000262260437,
            201100.0
        ],
        [
            0.9200000166893005,
            6.900000095367432
        ],
        [
            0.9300000071525574,
            1805.5699462890625
        ],
        [
            0.9399999976158142,
            12.0
        ],
        [
            0.9599999785423279,
            305.07000732421875
        ],
        [
            0.9700000286102295,
            18611.25
        ],
        [
            0.9800000190734863,
            503905.375
        ],
        [
            0.9900000095367432,
            3014775.5
        ]
    ]
}